col1;col2;col4;col5
1;cat;yellow;10.5
2;dog;green;15.800000190734863
3;bird;blue;2.5
4;monkey;red;6.300000190734863
5;cow;black;50.599998474121094
